City_ID,City,Country,Date,Lat,Lon,Max Temp,Humidity,Cloudiness,Wind Speed
0,Prainha,BR,2021 - 07 - 14 05:29:10,-1.8,-53.48,73.89,88,85,3.44
1,Punta Arenas,CL,2021 - 07 - 14 05:29:10,-53.15,-70.9167,32.11,93,75,3.44
2,Norman Wells,CA,2021 - 07 - 14 05:29:10,65.282,-126.8329,73.44,46,75,3.44
3,Tasiilaq,GL,2021 - 07 - 14 05:29:11,65.6145,-37.6368,44.76,96,98,5.68
4,Mumford,GH,2021 - 07 - 14 05:29:11,5.2618,-0.759,76.06,85,98,10.42
5,Kangaatsiaq,GL,2021 - 07 - 14 05:29:12,68.3065,-53.4641,42.85,92,100,32.66
6,Messina,IT,2021 - 07 - 14 05:26:38,38.1933,15.5497,80.89,80,20,11.99
7,Luderitz,NA,2021 - 07 - 14 05:29:12,-26.6481,15.1594,51.55,43,0,5.19
8,Hilo,US,2021 - 07 - 14 05:29:13,19.7297,-155.09,83.28,74,1,6.91
9,Cherskiy,RU,2021 - 07 - 14 05:29:13,68.75,161.3,46.44,79,100,5.48
10,Kezmarok,SK,2021 - 07 - 14 05:29:14,49.1357,20.4335,70.03,85,0,2.3
11,Belmonte,BR,2021 - 07 - 14 05:29:14,-15.8631,-38.8828,68.5,86,7,6.15
12,Xining,CN,2021 - 07 - 14 05:29:14,36.6167,101.7667,72.59,44,100,3.74
13,Oranjemund,NA,2021 - 07 - 14 05:29:15,-28.55,16.4333,49.71,47,0,7.67
14,Coquimbo,CL,2021 - 07 - 14 05:29:15,-29.9533,-71.3436,55.13,71,90,3.44
15,Yerbogachen,RU,2021 - 07 - 14 05:29:16,61.2767,108.0108,76.06,43,100,9.89
16,Khatanga,RU,2021 - 07 - 14 05:29:16,71.9667,102.5,45.12,58,97,19.28
17,Mingaora,PK,2021 - 07 - 14 05:29:17,34.7758,72.3625,80.49,66,35,4.59
18,Kahului,US,2021 - 07 - 14 05:29:17,20.8947,-156.47,78.82,67,40,16.11
19,Saskylakh,RU,2021 - 07 - 14 05:29:17,71.9167,114.0833,45.41,50,100,18.72
20,Ushuaia,AR,2021 - 07 - 14 05:29:18,-54.8,-68.3,29.86,80,0,8.05
21,Getulio Vargas,UY,2021 - 07 - 14 05:29:18,-32.6796,-53.5494,57.49,94,100,7.76
22,Ust-Kulom,RU,2021 - 07 - 14 05:29:19,61.6864,53.6902,59.22,53,65,2.33
23,Hermanus,ZA,2021 - 07 - 14 05:29:19,-34.4187,19.2345,48.9,76,38,9.24
24,Shunyi,CN,2021 - 07 - 14 05:29:19,40.125,116.6453,90.84,74,40,2.24
25,Bilibino,RU,2021 - 07 - 14 05:29:20,68.0546,166.4372,56.84,73,75,7.27
26,Chokurdakh,RU,2021 - 07 - 14 05:29:20,70.6333,147.9167,56.34,46,56,9.22
27,Kapaa,US,2021 - 07 - 14 05:29:21,22.0752,-159.319,82.38,80,40,5.01
28,Busselton,AU,2021 - 07 - 14 05:29:21,-33.65,115.3333,61.05,58,56,22.39
29,Smolensk,RU,2021 - 07 - 14 05:29:21,55.0,33.0,75.15,67,0,2.64
30,Tukrah,LY,2021 - 07 - 14 05:29:22,32.5341,20.5791,79.16,74,0,8.43
31,Mataura,NZ,2021 - 07 - 14 05:29:22,-46.1927,168.8643,48.47,74,100,9.46
32,Meulaboh,ID,2021 - 07 - 14 05:29:23,4.1363,96.1285,81.18,79,41,2.95
33,Port Blair,IN,2021 - 07 - 14 05:29:23,11.6667,92.75,85.05,74,45,10.76
34,Wanning,CN,2021 - 07 - 14 05:27:03,18.8003,110.3967,88.97,65,20,10.49
35,Kannangad,IN,2021 - 07 - 14 05:29:24,12.3081,75.1063,81.5,81,100,12.24
36,Vostok,RU,2021 - 07 - 14 05:29:25,46.4856,135.8833,88.79,42,88,6.02
37,Billings,US,2021 - 07 - 14 05:26:07,45.7833,-108.5007,66.29,60,40,8.05
38,Guerrero Negro,MX,2021 - 07 - 14 05:27:21,27.9769,-114.0611,69.58,81,30,12.73
39,Lyuban,BY,2021 - 07 - 14 05:29:26,52.7985,28.0048,72.55,82,1,5.73
40,Hobart,AU,2021 - 07 - 14 05:29:26,-42.8794,147.3294,54.01,90,75,5.75
41,Kieta,PG,2021 - 07 - 14 05:29:27,-6.2167,155.6333,84.92,70,85,9.35
42,Albany,US,2021 - 07 - 14 05:26:45,42.6001,-73.9662,71.38,93,99,1.01
43,Tahe,CN,2021 - 07 - 14 05:29:27,52.3333,124.7333,61.99,99,100,7.38
44,Kaitangata,NZ,2021 - 07 - 14 05:29:28,-46.2817,169.8464,46.92,55,99,5.82
45,Bredasdorp,ZA,2021 - 07 - 14 05:29:28,-34.5322,20.0403,45.72,76,5,6.91
46,Aksarka,RU,2021 - 07 - 14 05:29:29,66.5606,67.7975,56.48,44,8,6.06
47,Havre-Saint-Pierre,CA,2021 - 07 - 14 05:29:29,50.2334,-63.5986,48.56,87,1,0.0
48,Slawno,PL,2021 - 07 - 14 05:29:29,54.3628,16.6789,71.73,77,14,6.55
49,Bubaque,GW,2021 - 07 - 14 05:29:30,11.2833,-15.8333,79.39,84,94,13.44
50,Rikitea,PF,2021 - 07 - 14 05:29:30,-23.1203,-134.9692,73.9,70,2,13.09
51,Khani,GE,2021 - 07 - 14 05:29:30,41.9563,42.9566,69.37,74,94,2.08
52,Qaanaaq,GL,2021 - 07 - 14 05:29:31,77.484,-69.3632,38.23,83,100,1.3
53,Balabac,PH,2021 - 07 - 14 05:29:31,7.9868,117.0645,84.36,75,40,4.92
54,Nikolskoye,RU,2021 - 07 - 14 05:29:32,59.7035,30.7861,78.69,79,99,1.14
55,Cabo San Lucas,MX,2021 - 07 - 14 05:29:32,22.8909,-109.9124,82.62,66,72,5.01
56,Sao Filipe,CV,2021 - 07 - 14 05:29:33,14.8961,-24.4956,73.02,89,97,4.36
57,Moranbah,AU,2021 - 07 - 14 05:29:33,-22.0016,148.0466,80.6,38,8,8.03
58,Saint-Philippe,RE,2021 - 07 - 14 05:29:33,-21.3585,55.7679,74.75,62,6,9.82
59,Tuatapere,NZ,2021 - 07 - 14 05:29:34,-46.1333,167.6833,48.81,93,100,8.16
60,Saldanha,ZA,2021 - 07 - 14 05:29:34,-33.0117,17.9442,37.45,74,31,7.0
61,Rupert,US,2021 - 07 - 14 05:29:34,42.6191,-113.6772,78.24,30,1,11.5
62,Lloydminster,CA,2021 - 07 - 14 05:29:35,53.2835,-110.0016,64.08,77,1,5.75
63,Butaritari,KI,2021 - 07 - 14 05:29:35,3.0707,172.7902,82.51,77,85,12.88
64,Maniitsoq,GL,2021 - 07 - 14 05:29:35,65.4167,-52.9,44.24,91,100,23.94
65,Abay,KZ,2021 - 07 - 14 05:29:36,49.6311,72.8539,53.98,88,100,18.77
66,Upernavik,GL,2021 - 07 - 14 05:29:36,72.7868,-56.1549,40.55,95,100,34.2
67,Hamilton,US,2021 - 07 - 14 05:29:37,39.1834,-84.5333,72.0,95,1,1.01
68,Agirish,RU,2021 - 07 - 14 05:29:37,61.9247,63.0231,60.46,36,1,7.34
69,Santa Isabel Do Rio Negro,BR,2021 - 07 - 14 05:29:37,-0.4139,-65.0192,72.03,99,100,2.59
70,Bengkulu,ID,2021 - 07 - 14 05:28:38,-3.8004,102.2655,80.67,61,100,0.72
71,Klaksvik,FO,2021 - 07 - 14 05:29:38,62.2266,-6.589,50.92,95,92,13.62
72,Victoria Point,AU,2021 - 07 - 14 05:29:38,-27.5833,153.3,72.48,72,76,4.0
73,Praia,CV,2021 - 07 - 14 05:29:39,14.9215,-23.5087,73.94,83,20,5.75
74,Akdepe,TM,2021 - 07 - 14 05:26:16,42.0551,59.3788,80.69,22,22,10.8
75,Cape Town,ZA,2021 - 07 - 14 05:26:26,-33.9258,18.4232,49.12,89,75,3.0
76,Victoria,HK,2021 - 07 - 14 05:28:10,22.2855,114.1577,93.38,69,46,3.0
77,Ribeira Grande,PT,2021 - 07 - 14 05:29:39,38.5167,-28.7,69.49,83,68,13.35
78,Voh,NC,2021 - 07 - 14 05:29:40,-20.9667,164.7,73.22,48,0,8.23
79,Hithadhoo,MV,2021 - 07 - 14 05:29:40,-0.6,73.0833,82.17,74,18,5.73
80,Tibati,CM,2021 - 07 - 14 05:29:41,6.4667,12.6333,63.63,98,85,2.17
81,Cumberland,US,2021 - 07 - 14 05:29:41,35.0502,-78.8664,75.27,93,1,4.61
82,Plettenberg Bay,ZA,2021 - 07 - 14 05:29:41,-34.0527,23.3716,46.33,75,17,7.31
83,Korla,CN,2021 - 07 - 14 05:29:42,41.7597,86.1469,83.35,35,100,11.7
84,Faanui,PF,2021 - 07 - 14 05:29:42,-16.4833,-151.75,79.77,76,10,18.28
85,Barrow,US,2021 - 07 - 14 05:29:42,71.2906,-156.7887,33.82,86,90,10.36
86,Koslan,RU,2021 - 07 - 14 05:29:43,63.4564,48.8989,68.88,59,74,1.48
87,Ginda,IN,2021 - 07 - 14 05:29:43,30.6945,78.4932,75.69,67,25,5.01
88,Idrinskoye,RU,2021 - 07 - 14 05:29:44,54.3708,92.1358,74.16,71,13,4.74
89,Carnarvon,AU,2021 - 07 - 14 05:29:44,-24.8667,113.6333,69.87,58,83,10.36
90,Mar Del Plata,AR,2021 - 07 - 14 05:29:44,-38.0023,-57.5575,46.13,40,10,3.0
91,Lebu,CL,2021 - 07 - 14 05:29:45,-37.6167,-73.65,46.8,80,5,13.31
92,Chuy,UY,2021 - 07 - 14 05:29:45,-33.6971,-53.4616,55.17,90,98,7.2
93,Becicherecu Mic,RO,2021 - 07 - 14 05:29:45,45.8292,21.0514,83.03,42,1,9.84
94,Puerto Ayora,EC,2021 - 07 - 14 05:29:46,-0.7393,-90.3518,71.73,88,81,9.73
95,Georgetown,MY,2021 - 07 - 14 05:26:39,5.4112,100.3354,85.95,58,40,2.3
96,Atuona,PF,2021 - 07 - 14 05:29:46,-9.8,-139.0333,78.39,72,41,22.73
97,Itarema,BR,2021 - 07 - 14 05:29:47,-2.9248,-39.9167,77.14,82,74,12.46
98,New Norfolk,AU,2021 - 07 - 14 05:29:47,-42.7826,147.0587,53.65,87,99,1.21
99,Creel,MX,2021 - 07 - 14 05:29:47,27.75,-107.6333,57.38,69,50,4.94
100,Jamestown,US,2021 - 07 - 14 05:29:48,42.097,-79.2353,70.92,91,90,5.99
101,Prince Rupert,CA,2021 - 07 - 14 05:25:14,54.3161,-130.3201,56.89,87,90,5.75
102,Lata,PT,2021 - 07 - 14 05:29:48,40.1629,-8.3327,59.04,94,4,3.29
103,Nanortalik,GL,2021 - 07 - 14 05:29:49,60.1432,-45.2371,44.73,82,100,9.84
104,Talara,PE,2021 - 07 - 14 05:29:49,-4.5772,-81.2719,66.81,84,13,14.41
105,Yellowknife,CA,2021 - 07 - 14 05:29:50,62.456,-114.3525,70.29,55,75,8.05
106,Geraldton,AU,2021 - 07 - 14 05:29:50,-28.7667,114.6,61.21,77,75,21.85
107,Aklavik,CA,2021 - 07 - 14 05:29:50,68.2191,-135.0107,47.23,81,100,13.2
108,Feijo,BR,2021 - 07 - 14 05:29:51,-8.1642,-70.3536,74.07,74,29,2.37
109,Zhezkazgan,KZ,2021 - 07 - 14 05:29:51,47.8043,67.7144,64.89,38,3,17.83
110,Ponta Delgada,PT,2021 - 07 - 14 05:29:51,37.7333,-25.6667,68.72,88,40,10.36
111,Olafsvik,IS,2021 - 07 - 14 05:29:52,64.8945,-23.7142,48.76,88,100,18.41
112,Esfarayen,IR,2021 - 07 - 14 05:29:52,37.0765,57.5101,73.06,35,84,5.59
113,Olavarria,AR,2021 - 07 - 14 05:29:52,-36.8927,-60.3225,39.81,80,9,6.91
114,Pevek,RU,2021 - 07 - 14 05:29:53,69.7008,170.3133,44.04,84,74,6.71
115,Road Town,VG,2021 - 07 - 14 05:28:27,18.4167,-64.6167,82.49,74,6,18.32
116,Petropavlovsk-Kamchatskiy,RU,2021 - 07 - 14 05:29:54,53.0452,158.6483,75.79,57,75,15.66
117,Maceio,BR,2021 - 07 - 14 05:29:54,-9.6658,-35.7353,72.84,100,75,2.3
118,Timmins,CA,2021 - 07 - 14 05:27:59,48.4669,-81.3331,62.42,100,90,4.61
119,Port Alfred,ZA,2021 - 07 - 14 05:29:54,-33.5906,26.891,50.58,66,84,16.53
120,Karasburg,NA,2021 - 07 - 14 05:29:55,-28.0167,18.75,33.76,61,0,10.63
121,Porto Novo,BJ,2021 - 07 - 14 05:29:55,6.4965,2.6036,78.62,84,100,7.76
122,Dikson,RU,2021 - 07 - 14 05:29:56,73.5069,80.5464,35.01,94,54,15.59
123,Dunedin,NZ,2021 - 07 - 14 05:29:56,-45.8742,170.5036,50.81,45,97,1.99
124,Roald,NO,2021 - 07 - 14 05:29:56,62.5833,6.1333,63.91,94,75,6.91
125,Rokupr,SL,2021 - 07 - 14 05:29:57,8.6717,-12.395,73.24,97,100,2.28
126,Khasan,RU,2021 - 07 - 14 05:29:57,42.4308,130.6434,72.46,95,87,10.71
127,Lastoursville,GA,2021 - 07 - 14 05:29:58,-0.8143,12.7287,71.02,84,52,2.33
128,Avarua,CK,2021 - 07 - 14 05:25:47,-21.2078,-159.775,75.25,78,40,5.75
129,Thessalon,CA,2021 - 07 - 14 05:29:58,46.2501,-83.5666,66.69,96,46,6.06
130,Mikhaylovskoye,RU,2021 - 07 - 14 05:29:59,51.8239,79.7172,66.33,78,62,23.4
131,Huanren,CN,2021 - 07 - 14 05:29:59,41.2647,125.3667,80.67,77,89,10.94
132,Severo-Kurilsk,RU,2021 - 07 - 14 05:29:59,50.6789,156.125,58.32,90,100,8.14
133,Tuktoyaktuk,CA,2021 - 07 - 14 05:30:00,69.4541,-133.0374,46.4,76,75,14.97
134,Bluff,NZ,2021 - 07 - 14 05:30:00,-46.6,168.3333,48.79,87,100,21.34
135,Margate,GB,2021 - 07 - 14 05:30:01,51.3813,1.3862,61.3,86,74,4.0
136,Sarab,IR,2021 - 07 - 14 05:30:01,38.6066,44.9883,78.21,39,0,8.66
137,Fukue,JP,2021 - 07 - 14 05:30:02,32.6881,128.8419,82.76,94,75,12.66
138,Sobolevo,RU,2021 - 07 - 14 05:30:02,54.4299,31.8996,77.4,64,25,3.96
139,Olinda,BR,2021 - 07 - 14 05:30:04,-8.0089,-34.8553,69.53,88,40,5.75
140,Vila Franca Do Campo,PT,2021 - 07 - 14 05:30:05,37.7167,-25.4333,68.41,86,81,6.73
141,Altayskoye,RU,2021 - 07 - 14 05:30:05,51.9533,85.3325,81.95,54,99,5.41
142,Pangnirtung,CA,2021 - 07 - 14 05:30:06,66.1451,-65.7125,43.84,97,100,5.32
143,Saint-Georges,GD,2021 - 07 - 14 05:30:06,12.0564,-61.7485,80.28,83,20,9.22
144,Benguela,AO,2021 - 07 - 14 05:30:07,-12.5763,13.4055,68.56,80,84,2.28
145,Contamana,PE,2021 - 07 - 14 05:30:07,-7.3333,-75.0167,72.86,81,9,2.91
146,Raudeberg,NO,2021 - 07 - 14 05:30:08,61.9875,5.1352,64.0,94,100,0.2
147,Kirakira,SB,2021 - 07 - 14 05:30:08,-10.4544,161.9205,82.35,79,46,11.65
148,Arraial Do Cabo,BR,2021 - 07 - 14 05:30:09,-22.9661,-42.0278,70.39,89,0,21.59
149,Marrakesh,MA,2021 - 07 - 14 05:29:56,31.6315,-8.0083,66.27,63,0,5.75
150,Altenholz,DE,2021 - 07 - 14 05:30:10,54.4,10.1333,69.57,100,75,10.36
151,Mahebourg,MU,2021 - 07 - 14 05:30:10,-20.4081,57.7,73.69,73,20,16.11
152,Murgab,TM,2021 - 07 - 14 05:30:10,37.4966,61.9714,89.47,29,0,11.5
153,Gorontalo,ID,2021 - 07 - 14 05:30:11,0.5412,123.0595,80.17,89,99,1.77
154,Broome,US,2021 - 07 - 14 05:30:11,42.2506,-75.833,70.38,90,90,1.01
155,Samarai,PG,2021 - 07 - 14 05:30:11,-10.6167,150.6667,79.54,86,58,14.9
156,Makakilo City,US,2021 - 07 - 14 05:30:12,21.3469,-158.0858,79.12,67,75,8.05
157,Virginia Beach,US,2021 - 07 - 14 05:29:28,36.8529,-75.978,82.11,84,99,5.01
158,East London,ZA,2021 - 07 - 14 05:29:04,-33.0153,27.9116,49.14,49,0,11.5
159,Kodiak,US,2021 - 07 - 14 05:30:13,57.79,-152.4072,53.11,82,90,6.91
160,Codrington,AU,2021 - 07 - 14 05:30:13,-38.2667,141.9667,58.23,79,91,13.65
161,Mount Gambier,AU,2021 - 07 - 14 05:29:27,-37.8333,140.7667,55.31,94,90,13.8
162,Rio Grande,BR,2021 - 07 - 14 05:30:13,-32.035,-52.0986,57.94,97,100,6.17
163,Provideniya,RU,2021 - 07 - 14 05:30:14,64.3833,-173.3,44.71,81,20,11.18
164,Nkan,GA,2021 - 07 - 14 05:30:14,0.3833,9.7833,74.97,88,40,3.8
165,Thompson,CA,2021 - 07 - 14 05:26:32,55.7435,-97.8558,51.96,71,40,0.0
166,Sao Fidelis,BR,2021 - 07 - 14 05:30:15,-21.6461,-41.7469,64.98,97,5,1.19
167,Kenora,CA,2021 - 07 - 14 05:30:15,49.8167,-94.4337,69.78,72,75,5.75
168,Saint-Augustin,CA,2021 - 07 - 14 05:30:16,51.226,-58.6502,56.95,68,3,8.57
169,Zunyi,CN,2021 - 07 - 14 05:30:16,27.6867,106.9072,82.65,72,82,9.62
170,Kalmunai,LK,2021 - 07 - 14 05:30:17,7.4167,81.8167,90.09,52,93,3.85
171,Bandarbeyla,SO,2021 - 07 - 14 05:25:17,9.4942,50.8122,83.86,57,100,31.32
172,Kavieng,PG,2021 - 07 - 14 05:30:17,-2.5744,150.7967,84.78,71,27,15.95
173,Birjand,IR,2021 - 07 - 14 05:30:18,32.8663,59.2211,90.07,11,0,20.71
174,Namibe,AO,2021 - 07 - 14 05:30:18,-15.1961,12.1522,62.42,89,49,1.48
175,Alekseyevka,RU,2021 - 07 - 14 05:30:18,50.6309,38.6903,77.32,52,0,4.72
176,Udachnyy,RU,2021 - 07 - 14 05:30:19,66.4167,112.4,56.23,57,85,12.71
177,Bafq,IR,2021 - 07 - 14 05:30:19,31.6128,55.4107,99.64,13,31,5.73
178,Puerto Del Rosario,ES,2021 - 07 - 14 05:30:20,28.5004,-13.8627,71.35,64,20,13.8
179,Mount Isa,AU,2021 - 07 - 14 05:30:20,-20.7333,139.5,85.77,19,3,14.97
180,Isangel,VU,2021 - 07 - 14 05:30:21,-19.55,169.2667,70.95,71,36,16.71
181,Naze,JP,2021 - 07 - 14 05:30:21,28.3667,129.4833,85.12,75,100,8.46
182,Torbay,CA,2021 - 07 - 14 05:30:22,47.6666,-52.7314,49.68,90,40,11.5
183,Longyearbyen,SJ,2021 - 07 - 14 05:30:22,78.2186,15.6401,39.04,87,75,9.22
184,Mackay,AU,2021 - 07 - 14 05:30:23,-21.15,149.2,73.04,88,40,6.91
185,Xiamen,CN,2021 - 07 - 14 05:30:23,24.4798,118.0819,91.45,66,40,8.95
186,Sitka,US,2021 - 07 - 14 05:25:44,57.0531,-135.33,53.49,82,90,5.75
187,Katsuura,JP,2021 - 07 - 14 05:30:24,35.1333,140.3,84.24,80,91,6.06
188,Svetlogorsk,BY,2021 - 07 - 14 05:30:24,52.6333,29.7333,77.32,71,0,6.02
189,Bambous Virieux,MU,2021 - 07 - 14 05:30:25,-20.3428,57.7575,73.65,73,20,16.11
190,Ossora,RU,2021 - 07 - 14 05:30:25,59.2353,163.0719,61.65,81,85,4.09
191,Kiama,AU,2021 - 07 - 14 05:30:26,-34.6833,150.8667,60.58,63,100,3.0
192,Talnakh,RU,2021 - 07 - 14 05:30:26,69.4865,88.3972,50.38,50,63,4.81
193,Bolgar,RU,2021 - 07 - 14 05:30:26,54.95,49.0667,76.91,59,28,8.19
194,Barahona,DO,2021 - 07 - 14 05:30:27,18.2085,-71.1008,78.26,85,86,2.19
195,Haines Junction,CA,2021 - 07 - 14 05:30:27,60.7522,-137.5108,57.15,51,76,6.91
196,Husavik,IS,2021 - 07 - 14 05:30:28,66.0449,-17.3389,53.51,71,72,5.53
197,Panalingaan,PH,2021 - 07 - 14 05:30:28,8.7842,117.4231,84.09,75,47,4.65
198,Cockburn Town,TC,2021 - 07 - 14 05:27:19,21.4612,-71.1419,80.11,81,1,17.2
199,Wageningen,NL,2021 - 07 - 14 05:30:29,51.9667,5.6667,66.4,94,90,1.01
200,Saint George,US,2021 - 07 - 14 05:30:06,37.1041,-113.5841,79.39,63,90,3.0
201,Guapi,CO,2021 - 07 - 14 05:30:29,2.5708,-77.8854,75.25,95,99,3.69
202,La Asuncion,VE,2021 - 07 - 14 05:30:30,11.0333,-63.8628,87.53,70,7,8.05
203,Catamarca,AR,2021 - 07 - 14 05:30:30,-28.4696,-65.7852,64.49,85,35,1.86
204,Galle,LK,2021 - 07 - 14 05:30:31,6.0367,80.217,82.35,79,100,15.59
205,Dunkirk,FR,2021 - 07 - 14 05:30:31,51.05,2.3667,61.47,89,100,4.0
206,Shelburne,CA,2021 - 07 - 14 05:30:32,44.0787,-80.2041,66.09,100,100,7.72
207,Trindade,BR,2021 - 07 - 14 05:30:32,-16.6494,-49.4889,65.95,52,0,5.75
208,Fare,PF,2021 - 07 - 14 05:30:32,-16.7,-151.0167,79.95,75,3,19.66
209,Manjeshwar,IN,2021 - 07 - 14 05:30:33,12.7194,74.8861,77.95,80,100,13.47
210,Sebinkarahisar,TR,2021 - 07 - 14 05:30:33,40.2883,38.4236,64.15,65,26,2.08
211,Paamiut,GL,2021 - 07 - 14 05:30:34,61.994,-49.6678,45.82,81,100,10.02
212,Lorengau,PG,2021 - 07 - 14 05:30:34,-2.0226,147.2712,84.72,75,44,12.8
213,Ulladulla,AU,2021 - 07 - 14 05:30:34,-35.35,150.4667,60.67,60,100,12.73
214,Tashtyp,RU,2021 - 07 - 14 05:30:35,52.7939,89.8983,78.8,53,13,4.72
215,Mococa,BR,2021 - 07 - 14 05:30:35,-21.4678,-47.0047,54.23,62,0,4.7
216,Palmer,US,2021 - 07 - 14 05:29:16,42.1584,-72.3287,69.73,84,90,5.75
217,Pauini,BR,2021 - 07 - 14 05:30:36,-7.7136,-66.9764,73.0,67,7,1.83
218,Bima,ID,2021 - 07 - 14 05:30:36,-8.4667,118.7167,89.94,33,47,9.6
219,Ola,RU,2021 - 07 - 14 05:30:37,59.5833,151.2833,55.72,96,100,12.53
220,Tezu,IN,2021 - 07 - 14 05:30:37,27.9167,96.1667,81.28,95,100,0.29
221,Leningradskiy,RU,2021 - 07 - 14 05:30:38,69.3833,178.4167,42.33,88,57,14.85
222,Vega De Alatorre,MX,2021 - 07 - 14 05:30:38,20.0333,-96.6333,77.38,83,87,4.81
223,Nisia Floresta,BR,2021 - 07 - 14 05:30:38,-6.0911,-35.2086,76.01,88,45,8.48
224,Mehamn,NO,2021 - 07 - 14 05:30:39,71.0357,27.8492,51.98,96,100,18.01
225,Aqtobe,KZ,2021 - 07 - 14 05:30:39,50.2797,57.2072,71.69,40,0,17.9
226,Los Llanos De Aridane,ES,2021 - 07 - 14 05:30:39,28.6585,-17.9182,65.95,83,0,14.97
227,Loandjili,CG,2021 - 07 - 14 05:30:40,-4.7561,11.8578,71.71,94,75,3.44
228,Senekal,ZA,2021 - 07 - 14 05:30:40,-28.3197,27.6208,30.16,48,0,3.27
229,Iralaya,HN,2021 - 07 - 14 05:30:41,15.0,-83.2333,80.4,87,100,14.58
230,Fort Nelson,CA,2021 - 07 - 14 05:30:41,58.8053,-122.7002,71.19,73,75,0.0
231,Kismayo,SO,2021 - 07 - 14 05:30:41,-0.3582,42.5454,79.54,69,41,18.97
232,Camacha,PT,2021 - 07 - 14 05:30:42,33.0833,-16.3333,65.62,77,40,11.5
233,Dawei,MM,2021 - 07 - 14 05:30:42,14.0833,98.2,88.36,64,75,6.64
234,Nicoya,CR,2021 - 07 - 14 05:30:42,10.1483,-85.452,72.95,94,98,2.68
235,Kadoma,JP,2021 - 07 - 14 05:30:43,34.7333,135.5833,84.94,88,75,5.75
236,Leshukonskoye,RU,2021 - 07 - 14 05:30:43,64.8989,45.7622,70.59,59,80,4.92
237,Tiksi,RU,2021 - 07 - 14 05:30:44,71.6872,128.8694,46.17,74,99,18.28
238,Vaxjo,SE,2021 - 07 - 14 05:30:44,56.8777,14.8091,69.85,94,75,6.91
239,Boshnyakovo,RU,2021 - 07 - 14 05:30:44,49.6333,142.1667,71.71,70,93,16.64
240,Vaini,TO,2021 - 07 - 14 05:30:45,-21.2,-175.2,73.56,88,75,9.22
241,Te Anau,NZ,2021 - 07 - 14 05:30:45,-45.4167,167.7167,44.62,94,100,5.55
242,Hami,CN,2021 - 07 - 14 05:30:46,42.8,93.45,93.96,12,21,3.27
243,Deputatskiy,RU,2021 - 07 - 14 05:30:46,69.3,139.9,68.11,36,65,7.78
244,Qasigiannguit,GL,2021 - 07 - 14 05:30:47,68.8193,-51.1922,48.45,97,100,3.18
245,Port Elizabeth,ZA,2021 - 07 - 14 05:30:47,-33.918,25.5701,44.89,76,20,9.22
246,Beidao,CN,2021 - 07 - 14 05:30:48,34.5686,105.8933,92.1,42,98,14.03
247,Lanxi,CN,2021 - 07 - 14 05:30:48,29.2195,119.477,95.5,58,99,1.83
248,Den Helder,NL,2021 - 07 - 14 05:30:48,52.9599,4.7593,64.98,94,90,8.99
249,Balykshi,KZ,2021 - 07 - 14 05:30:49,47.0667,51.8667,86.0,25,0,8.95
250,Dedza,MW,2021 - 07 - 14 05:30:49,-14.3779,34.3332,60.82,57,2,3.49
251,Batemans Bay,AU,2021 - 07 - 14 05:30:07,-35.7167,150.1833,61.92,63,100,10.38
252,Puerto Carreno,CO,2021 - 07 - 14 05:30:50,6.189,-67.4859,74.23,93,91,4.38
253,San Cristobal,VE,2021 - 07 - 14 05:30:50,7.7669,-72.225,64.08,77,29,3.24
254,Cayenne,GF,2021 - 07 - 14 05:30:51,4.9333,-52.3333,77.09,91,90,1.14
255,Mitsamiouli,KM,2021 - 07 - 14 05:30:51,-11.3847,43.2844,77.38,71,3,4.09
256,Richards Bay,ZA,2021 - 07 - 14 05:30:51,-28.783,32.0377,56.88,44,34,11.72
257,San Carlos De Bariloche,AR,2021 - 07 - 14 05:30:52,-41.1456,-71.3082,34.45,62,20,3.44
258,Imuris,MX,2021 - 07 - 14 05:30:52,30.7833,-110.8667,81.61,54,63,4.16
259,Cascais,PT,2021 - 07 - 14 05:30:53,38.6979,-9.4215,63.63,75,0,13.0
260,Magadi,IN,2021 - 07 - 14 05:30:53,12.9667,77.2333,81.05,70,100,18.61
261,Cabral,DO,2021 - 07 - 14 05:30:53,18.25,-71.2167,77.16,87,97,2.24
262,Pacific Grove,US,2021 - 07 - 14 05:30:54,36.6177,-121.9166,59.45,89,90,3.0
263,Rudnichnyy,RU,2021 - 07 - 14 05:30:54,59.617,52.4703,69.53,40,44,1.99
264,Aasiaat,GL,2021 - 07 - 14 05:30:54,68.7098,-52.8699,41.63,94,100,26.42
265,Taiyuan,CN,2021 - 07 - 14 05:30:55,37.8694,112.5603,91.26,46,20,2.24
266,Zhanaozen,KZ,2021 - 07 - 14 05:30:55,43.3,52.8,85.5,18,58,6.31
267,Aanekoski,FI,2021 - 07 - 14 05:30:56,62.6946,25.818,70.68,55,2,4.68
268,Senneterre,CA,2021 - 07 - 14 05:30:56,48.3835,-77.2328,68.22,99,100,7.18
269,Constitucion,CL,2021 - 07 - 14 05:25:56,-35.3333,-72.4167,46.58,70,0,5.59
270,Bathsheba,BB,2021 - 07 - 14 05:30:57,13.2167,-59.5167,79.41,83,40,16.11
271,Alofi,NU,2021 - 07 - 14 05:30:57,-19.0595,-169.9187,76.89,94,58,9.22
272,Antofagasta,CL,2021 - 07 - 14 05:30:47,-23.65,-70.4,58.28,85,100,8.61
273,Pangai,TO,2021 - 07 - 14 05:30:57,-19.8,-174.35,78.91,78,75,2.3
274,Lerwick,GB,2021 - 07 - 14 05:30:58,60.1545,-1.1494,57.2,91,72,0.98
275,Mazagao,BR,2021 - 07 - 14 05:30:58,-0.115,-51.2894,78.85,94,72,3.36
276,Severnyy,RU,2021 - 07 - 14 05:30:59,50.677,36.5532,77.04,47,0,2.24
277,Milkovo,RU,2021 - 07 - 14 05:30:59,54.7167,158.6167,78.06,62,96,8.52
278,Ndele,CF,2021 - 07 - 14 05:31:00,8.4109,20.6473,72.27,95,99,3.13
279,Karpathos,GR,2021 - 07 - 14 05:31:00,35.507,27.2132,78.76,89,20,26.46
280,Shido,JP,2021 - 07 - 14 05:31:00,34.3233,134.1733,88.2,66,75,3.44
281,Oum Hadjer,TD,2021 - 07 - 14 05:31:01,13.2954,19.6966,82.94,60,100,14.94
282,Bethel,US,2021 - 07 - 14 05:31:01,41.3712,-73.414,69.91,94,90,3.44
283,Beringovskiy,RU,2021 - 07 - 14 05:31:02,63.05,179.3167,52.97,81,79,2.95
284,Aksu,CN,2021 - 07 - 14 05:31:02,41.1231,80.2644,84.74,27,92,7.18
285,Nancha,CN,2021 - 07 - 14 05:31:03,47.1333,129.2667,90.57,46,99,7.11
286,Rawson,AR,2021 - 07 - 14 05:31:03,-43.3002,-65.1023,46.29,52,100,14.52
287,Dongli,CN,2021 - 07 - 14 05:31:03,23.5656,116.8194,91.38,66,20,6.71
288,Ergani,TR,2021 - 07 - 14 05:31:04,38.2653,39.7621,86.72,34,0,14.67
289,Broken Hill,AU,2021 - 07 - 14 05:31:04,-31.95,141.4333,67.71,34,33,16.11
290,Binga,ZW,2021 - 07 - 14 05:31:04,-17.6203,27.3414,62.91,37,35,9.51
291,Shimoda,JP,2021 - 07 - 14 05:31:05,34.6667,138.95,80.1,83,100,6.49
292,Portland,US,2021 - 07 - 14 05:30:57,45.5234,-122.6762,73.44,62,20,1.01
293,El Bagre,CO,2021 - 07 - 14 05:31:05,7.5927,-74.8086,73.62,100,100,1.14
294,Waipawa,NZ,2021 - 07 - 14 05:31:06,-41.4122,175.5153,51.03,79,7,9.78
295,Mehran,IR,2021 - 07 - 14 05:31:06,33.1222,46.1646,103.48,12,0,16.17
296,Bichura,RU,2021 - 07 - 14 05:31:06,50.5881,107.6022,61.25,93,100,5.26
297,Barkhera,IN,2021 - 07 - 14 05:31:07,28.45,79.8,95.61,47,93,7.56
298,Corning,US,2021 - 07 - 14 05:31:07,42.1428,-77.0547,70.56,94,40,3.44
299,La Macarena,CO,2021 - 07 - 14 05:31:08,2.1837,-73.7849,69.17,98,80,1.3
300,Ponta Do Sol,PT,2021 - 07 - 14 05:31:08,32.6667,-17.1,68.63,75,0,5.57
301,Mecca,SA,2021 - 07 - 14 05:31:09,21.4267,39.8261,95.4,18,90,11.07
302,Omsukchan,RU,2021 - 07 - 14 05:31:09,62.5333,155.8,68.88,42,96,7.83
303,Seoul,KR,2021 - 07 - 14 05:28:56,37.5683,126.9778,92.59,59,75,8.05
304,San Jose,US,2021 - 07 - 14 05:30:10,37.3394,-121.895,61.77,78,20,5.75
305,Canguaretama,BR,2021 - 07 - 14 05:31:10,-6.38,-35.1289,75.69,90,47,9.24
306,Uitgeest,NL,2021 - 07 - 14 05:29:38,52.5292,4.7097,65.19,93,99,4.0
307,Grindavik,IS,2021 - 07 - 14 05:31:10,63.8424,-22.4338,49.95,93,90,14.97
308,Verkhnyaya Inta,RU,2021 - 07 - 14 05:31:11,65.9811,60.3094,61.18,40,32,3.33
309,Vao,NC,2021 - 07 - 14 05:31:11,-22.6667,167.4833,68.0,56,3,17.11
310,Kulhudhuffushi,MV,2021 - 07 - 14 05:31:11,6.6221,73.07,82.44,79,58,13.0
311,Alice Springs,AU,2021 - 07 - 14 05:31:12,-23.7,133.8833,83.75,20,7,21.85
312,Avera,US,2021 - 07 - 14 05:31:12,33.194,-82.5271,75.07,89,56,4.88
313,Ostrovnoy,RU,2021 - 07 - 14 05:31:12,68.0531,39.5131,64.72,60,39,9.73
314,Kanniyakumari,IN,2021 - 07 - 14 05:31:13,8.0833,77.5667,85.32,63,99,21.97
315,Castro,BR,2021 - 07 - 14 05:29:24,-24.7911,-50.0119,53.19,68,96,2.53
316,Mancio Lima,BR,2021 - 07 - 14 05:31:13,-7.6142,-72.8958,73.38,81,49,2.73
317,Port Lincoln,AU,2021 - 07 - 14 05:31:14,-34.7333,135.8667,61.34,73,19,22.95
318,San Lazaro,BZ,2021 - 07 - 14 05:31:14,18.0387,-88.6622,73.87,98,98,4.23
319,Airai,TL,2021 - 07 - 14 05:31:15,-8.9266,125.4092,72.1,54,93,4.34
320,Sakakah,SA,2021 - 07 - 14 05:30:01,29.9697,40.2064,85.57,20,6,4.59
321,General Pico,AR,2021 - 07 - 14 05:31:15,-35.6566,-63.7568,41.77,67,1,4.92
322,Lasa,IT,2021 - 07 - 14 05:31:15,46.6166,10.7002,55.62,92,88,1.3
323,Champerico,GT,2021 - 07 - 14 05:31:16,14.3,-91.9167,82.04,93,100,4.45
324,Luanda,AO,2021 - 07 - 14 05:30:38,-8.8368,13.2343,69.8,88,75,1.14
325,Monroe,US,2021 - 07 - 14 05:31:17,43.1501,-77.6831,72.54,88,90,10.36
326,Gejiu,CN,2021 - 07 - 14 05:31:17,23.306,103.1635,75.15,54,82,6.91
327,College,US,2021 - 07 - 14 05:31:17,64.8569,-147.8028,76.98,44,75,6.91
328,Esperance,AU,2021 - 07 - 14 05:31:18,-33.8667,121.9,62.44,58,37,21.27
329,Tahoua,NE,2021 - 07 - 14 05:30:22,14.8888,5.2692,76.98,83,0,2.3
330,Kavaratti,IN,2021 - 07 - 14 05:31:19,10.5669,72.642,82.85,80,100,19.35
331,Puerto Baquerizo Moreno,EC,2021 - 07 - 14 05:31:19,-0.9,-89.6,71.33,86,84,12.3
332,Kruisfontein,ZA,2021 - 07 - 14 05:31:19,-34.0033,24.7314,41.88,72,32,7.85
333,Nueva Loja,EC,2021 - 07 - 14 05:31:20,0.0847,-76.8828,67.41,99,88,0.2
334,San Jose De Buan,PH,2021 - 07 - 14 05:31:20,12.0529,125.0251,82.49,86,70,4.47
335,Trinidad,BO,2021 - 07 - 14 05:31:20,-14.8333,-64.9,73.9,56,2,4.47
336,Lakes Entrance,AU,2021 - 07 - 14 05:31:21,-37.8811,147.981,60.19,63,95,5.23
337,Tsumeb,NA,2021 - 07 - 14 05:31:21,-19.2333,17.7167,35.15,41,1,16.55
338,Muros,ES,2021 - 07 - 14 05:31:22,42.7762,-9.0603,62.83,80,18,10.18
339,Saint-Jovite,CA,2021 - 07 - 14 05:30:36,46.1186,-74.5966,68.16,100,100,2.3
340,Bam,IR,2021 - 07 - 14 05:31:23,29.106,58.357,101.16,17,47,7.25
341,Altamira,BR,2021 - 07 - 14 05:28:44,-3.2033,-52.2064,70.92,89,16,1.66
342,Port Macquarie,AU,2021 - 07 - 14 05:31:23,-31.4333,152.9167,60.89,61,100,5.95
343,Alamogordo,US,2021 - 07 - 14 05:31:23,32.8995,-105.9603,81.77,44,1,8.99
344,Xalpatlahuac,MX,2021 - 07 - 14 05:31:24,17.4667,-98.6167,60.19,89,99,0.83
345,Kita,ML,2021 - 07 - 14 05:31:24,13.0349,-9.4895,73.06,90,74,4.34
346,Shahdadkot,PK,2021 - 07 - 14 05:31:25,27.8477,67.9055,102.74,35,83,6.29
347,Shache,CN,2021 - 07 - 14 05:31:25,38.4167,77.2406,90.5,13,56,4.85
348,Lethem,GY,2021 - 07 - 14 05:31:25,3.3803,-59.7968,74.05,90,100,4.12
349,Velsk,RU,2021 - 07 - 14 05:31:26,61.0701,42.0983,79.84,49,79,2.35
350,Yumen,CN,2021 - 07 - 14 05:31:26,40.2833,97.2,82.92,28,97,8.66
351,Ucluelet,CA,2021 - 07 - 14 05:31:26,48.9329,-125.5528,66.04,91,65,1.01
352,Pisco,PE,2021 - 07 - 14 05:31:27,-13.7,-76.2167,63.01,88,39,2.57
353,Awbari,LY,2021 - 07 - 14 05:31:27,26.5921,12.7805,83.01,23,7,6.73
354,San Patricio,US,2021 - 07 - 14 05:31:28,28.017,-97.5169,82.85,84,15,7.67
355,Komatipoort,ZA,2021 - 07 - 14 05:31:28,-25.4332,31.9548,61.05,47,12,11.92
356,Bako,ET,2021 - 07 - 14 05:31:30,5.7833,36.5667,66.38,75,100,0.94
357,Barao De Melgaco,BR,2021 - 07 - 14 05:31:30,-16.1944,-55.9675,66.72,41,0,4.07
358,Kloulklubed,PW,2021 - 07 - 14 05:31:31,7.0419,134.2556,81.79,73,99,3.33
359,Luena,AO,2021 - 07 - 14 05:31:31,-11.7833,19.9167,53.42,53,1,3.29
360,Nguruka,TZ,2021 - 07 - 14 05:31:31,-5.1092,31.0419,70.02,48,69,4.63
361,Yulara,AU,2021 - 07 - 14 05:31:32,-25.2406,130.9889,62.44,94,90,9.22
362,Erzin,TR,2021 - 07 - 14 05:31:32,36.9559,36.2,84.72,64,12,5.06
363,Half Moon Bay,US,2021 - 07 - 14 05:31:33,37.4636,-122.4286,61.05,86,1,0.0
364,Haines City,US,2021 - 07 - 14 05:31:27,28.1142,-81.6179,78.85,85,1,6.91
365,Inverell,AU,2021 - 07 - 14 05:31:33,-29.7833,151.1167,62.11,65,99,4.0
366,Xichang,CN,2021 - 07 - 14 05:31:33,27.8964,102.2634,83.35,61,100,4.56
367,Tucuman,AR,2021 - 07 - 14 05:31:34,-26.8241,-65.2226,60.8,72,90,3.44
368,Tilichiki,RU,2021 - 07 - 14 05:31:34,60.4667,166.1,60.94,71,89,8.16
369,Aden,YE,2021 - 07 - 14 05:31:35,12.7794,45.0367,86.07,74,100,6.51
370,Cidreira,BR,2021 - 07 - 14 05:31:35,-30.1811,-50.2056,62.01,86,100,1.7
371,Wylie,US,2021 - 07 - 14 05:31:35,33.0151,-96.5389,81.61,69,1,5.99
372,Paragominas,BR,2021 - 07 - 14 05:31:36,-2.9667,-47.4833,69.57,91,10,1.95
373,Suslovo,RU,2021 - 07 - 14 05:31:36,56.2167,88.1167,77.97,56,40,5.99
374,Nsanje,MW,2021 - 07 - 14 05:31:37,-16.92,35.262,70.56,73,8,2.39
375,Narsaq,GL,2021 - 07 - 14 05:31:37,60.9167,-46.05,48.42,74,97,3.33
376,Chipinge,ZW,2021 - 07 - 14 05:31:37,-20.1883,32.6236,54.61,73,92,4.07
377,Nome,US,2021 - 07 - 14 05:31:38,64.5011,-165.4064,55.47,76,90,6.91
378,Biak,ID,2021 - 07 - 14 05:31:38,-0.9131,122.8766,74.84,88,100,8.57
379,Krasnoselkup,RU,2021 - 07 - 14 05:31:38,65.7,82.4667,54.75,42,99,11.9
380,Fortuna,US,2021 - 07 - 14 05:31:39,40.5982,-124.1573,59.41,93,90,6.91
381,Houma,US,2021 - 07 - 14 05:31:39,29.5958,-90.7195,79.99,92,1,0.0
382,Lavrentiya,RU,2021 - 07 - 14 05:31:40,65.5833,-171.0,48.76,85,76,6.08
383,Itoman,JP,2021 - 07 - 14 05:31:40,26.1247,127.6694,91.78,62,40,12.66
384,Iguape,BR,2021 - 07 - 14 05:31:40,-24.7081,-47.5553,61.74,80,100,5.35
385,Sur,OM,2021 - 07 - 14 05:31:41,22.5667,59.5289,87.64,66,99,7.49
386,Nusaybin,TR,2021 - 07 - 14 05:31:41,37.0778,41.2178,93.74,21,0,7.43
387,Zarubino,RU,2021 - 07 - 14 05:31:42,42.63,131.0922,71.64,92,70,9.78
388,Tateyama,JP,2021 - 07 - 14 05:31:42,34.9833,139.8667,82.42,78,75,4.61
389,Kidal,ML,2021 - 07 - 14 05:31:42,18.4411,1.4078,88.86,39,13,15.12
390,Tomatlan,MX,2021 - 07 - 14 05:31:43,19.9333,-105.25,74.66,81,100,4.14
391,Opuwo,NA,2021 - 07 - 14 05:31:43,-18.0607,13.84,50.81,40,0,9.6
392,Balangir,IN,2021 - 07 - 14 05:31:44,20.7167,83.4833,92.37,47,53,7.38
393,Senno,RU,2021 - 07 - 14 05:31:44,59.5336,33.9167,72.27,45,86,1.16
394,Vestmannaeyjar,IS,2021 - 07 - 14 05:31:44,63.4427,-20.2734,50.77,89,100,10.96
395,Todos Santos,MX,2021 - 07 - 14 05:31:45,23.45,-110.2167,82.74,87,42,4.76
396,Narrabri,AU,2021 - 07 - 14 05:31:46,-30.3167,149.7833,68.09,56,98,13.8
397,Srednekolymsk,RU,2021 - 07 - 14 05:31:46,67.45,153.6833,66.02,40,16,3.58
398,Evensk,RU,2021 - 07 - 14 05:31:46,61.95,159.2333,53.26,88,96,5.39
399,Camopi,GF,2021 - 07 - 14 05:31:47,3.1655,-52.3158,69.85,100,69,1.48
400,Atambua,ID,2021 - 07 - 14 05:31:47,-9.1061,124.8925,83.19,53,65,1.25
401,Abapo,BO,2021 - 07 - 14 05:31:47,-18.8333,-63.4667,59.79,72,21,3.13
402,Pochutla,MX,2021 - 07 - 14 05:31:48,15.7432,-96.4661,78.82,83,77,4.65
403,Kudahuvadhoo,MV,2021 - 07 - 14 05:31:49,2.6708,72.8944,81.39,76,100,2.57
404,Odessa,UA,2021 - 07 - 14 05:31:49,46.4775,30.7326,76.93,73,0,4.47
405,Moyale,KE,2021 - 07 - 14 05:31:50,3.5167,39.0584,65.75,76,100,14.97
406,Acapulco,MX,2021 - 07 - 14 05:29:17,16.8634,-99.8901,80.47,86,100,5.23
407,Carauari,BR,2021 - 07 - 14 05:31:50,-4.8828,-66.8958,71.17,97,39,2.48
408,Monrovia,LR,2021 - 07 - 14 05:31:50,6.3005,-10.7969,76.59,83,92,8.23
409,Pafos,CY,2021 - 07 - 14 05:27:29,34.7667,32.4167,83.23,78,40,8.05
410,Curico,CL,2021 - 07 - 14 05:31:51,-34.9833,-71.2333,38.75,100,90,3.44
411,Puerto Escondido,MX,2021 - 07 - 14 05:30:25,15.85,-97.0667,79.81,77,88,6.11
412,Hirna,ET,2021 - 07 - 14 05:31:52,9.2167,41.1,65.35,75,99,9.53
413,Shaoyang,CN,2021 - 07 - 14 05:31:52,27.2315,111.4525,95.81,45,57,6.26
414,Gornopravdinsk,RU,2021 - 07 - 14 05:31:53,60.05,69.9,56.41,42,100,14.97
415,Waingapu,ID,2021 - 07 - 14 05:31:53,-9.6567,120.2641,85.69,48,9,17.76
416,Kourou,GF,2021 - 07 - 14 05:31:53,5.1552,-52.6478,77.11,90,23,5.59
417,Kargasok,RU,2021 - 07 - 14 05:31:54,59.0556,80.8572,64.87,87,100,6.24
418,Iqaluit,CA,2021 - 07 - 14 05:30:13,63.7506,-68.5145,44.33,93,90,8.99
419,Dicabisagan,PH,2021 - 07 - 14 05:31:54,17.0818,122.4157,87.75,65,100,5.32
420,Bida,NG,2021 - 07 - 14 05:31:55,9.0833,6.0167,74.82,87,100,2.98
421,Kenai,US,2021 - 07 - 14 05:31:55,60.5544,-151.2583,61.03,89,20,10.36
422,Nouadhibou,MR,2021 - 07 - 14 05:31:55,20.931,-17.0347,67.98,88,0,17.27
423,Tongchuan,CN,2021 - 07 - 14 05:31:56,35.0806,109.0897,93.99,39,10,10.16
424,Matara,LK,2021 - 07 - 14 05:31:56,5.9485,80.5353,84.87,67,100,15.99
425,Kayerkan,RU,2021 - 07 - 14 05:31:57,69.3497,87.7602,47.89,54,76,3.33
426,Gold Coast,AU,2021 - 07 - 14 05:27:13,-28.0,153.4333,72.25,66,66,4.0
427,Mandera,KE,2021 - 07 - 14 05:31:57,3.9366,41.867,77.68,66,100,17.67
428,Port-Cartier,CA,2021 - 07 - 14 05:27:06,50.0334,-66.8654,55.74,79,89,4.03
429,Kaniama,CD,2021 - 07 - 14 05:31:58,-7.5667,24.1833,66.42,36,38,4.0
430,Okhotsk,RU,2021 - 07 - 14 05:31:58,59.3833,143.3,61.93,75,100,9.69
431,Sambava,MG,2021 - 07 - 14 05:31:59,-14.2667,50.1667,74.3,68,30,11.77
432,Ottawa,CA,2021 - 07 - 14 05:27:21,45.4112,-75.6981,71.73,95,90,1.99
433,Sawtell,AU,2021 - 07 - 14 05:31:59,-30.3833,153.1,66.52,68,100,6.91
434,Warrington,GB,2021 - 07 - 14 05:30:01,53.3925,-2.5802,59.99,94,48,3.0
435,Faya,SA,2021 - 07 - 14 05:32:00,18.3851,42.4509,77.11,23,79,8.1
436,Vardo,NO,2021 - 07 - 14 05:32:00,70.3705,31.1107,52.0,93,75,17.27
437,Plouzane,FR,2021 - 07 - 14 05:32:01,48.3833,-4.6167,57.52,100,90,5.75
438,Otukpo,NG,2021 - 07 - 14 05:32:01,7.1913,8.1329,71.29,96,99,2.73
439,Bartica,GY,2021 - 07 - 14 05:32:01,6.4,-58.6167,75.52,99,100,1.07
440,Bonfim,BR,2021 - 07 - 14 05:32:02,3.0833,-59.95,74.43,88,95,2.17
441,Shatrovo,RU,2021 - 07 - 14 05:32:02,56.5167,64.6333,59.13,38,7,17.63
442,Bakchar,RU,2021 - 07 - 14 05:32:03,57.0186,82.0711,73.81,66,100,7.61
443,Sabha,LY,2021 - 07 - 14 05:32:03,27.0377,14.4283,83.97,30,0,9.6
444,Morant Bay,JM,2021 - 07 - 14 05:32:03,17.8815,-76.4093,80.22,88,16,8.32
445,Berlevag,NO,2021 - 07 - 14 05:32:04,70.8578,29.0864,51.75,87,75,16.11
446,Nikel,RU,2021 - 07 - 14 05:32:04,69.4128,30.222,51.98,86,100,14.65
447,Carbonia,IT,2021 - 07 - 14 05:32:05,39.1672,8.5222,68.99,58,12,11.21
448,Padang,ID,2021 - 07 - 14 05:31:19,-0.9492,100.3543,87.85,56,100,4.92
449,Illapel,CL,2021 - 07 - 14 05:32:05,-31.6308,-71.1653,47.19,92,5,1.19
450,Necochea,AR,2021 - 07 - 14 05:32:06,-38.5473,-58.7368,42.1,70,34,6.08
451,Hualmay,PE,2021 - 07 - 14 05:32:06,-11.0964,-77.6139,62.83,85,41,11.32
452,Chake Chake,TZ,2021 - 07 - 14 05:32:06,-5.2459,39.7666,78.91,65,59,11.27
453,Bulgan,MN,2021 - 07 - 14 05:32:07,48.8125,103.5347,70.95,50,29,8.5
454,Linjiang,CN,2021 - 07 - 14 05:32:07,41.8069,126.9078,95.05,36,92,11.63
455,Hambantota,LK,2021 - 07 - 14 05:32:08,6.1241,81.1185,89.94,62,20,19.57
456,Whitehorse,CA,2021 - 07 - 14 05:30:07,60.7161,-135.0538,57.97,62,75,4.0
457,Ovsyanka,RU,2021 - 07 - 14 05:32:08,55.9575,92.5519,83.37,42,27,4.56
458,Anajatuba,BR,2021 - 07 - 14 05:32:08,-3.2644,-44.6197,72.63,95,12,4.03
459,Sorland,NO,2021 - 07 - 14 05:32:09,67.667,12.6934,55.06,84,100,5.7
460,Saint Anthony,US,2021 - 07 - 14 05:32:09,45.0205,-93.218,74.35,86,1,3.44
461,Trzic,SI,2021 - 07 - 14 05:32:10,46.3636,14.3105,66.85,90,40,4.61
462,Praia Da Vitoria,PT,2021 - 07 - 14 05:32:10,38.7333,-27.0667,69.76,94,40,7.23
463,Makasar,ID,2021 - 07 - 14 05:32:10,-5.14,119.4221,87.85,55,20,8.05
464,Iwaki,JP,2021 - 07 - 14 05:32:11,37.05,140.8833,83.01,87,83,6.53
465,Saint-Leu,RE,2021 - 07 - 14 05:32:11,-21.15,55.2833,74.23,55,26,2.93
466,Marzuq,YE,2021 - 07 - 14 05:32:12,14.4,46.4667,80.6,55,100,9.33
467,Uige,AO,2021 - 07 - 14 05:32:12,-7.6087,15.0613,59.16,76,11,1.5
468,Portoferraio,IT,2021 - 07 - 14 05:32:13,42.8115,10.3146,73.09,77,40,1.14
469,Ishinomaki,JP,2021 - 07 - 14 05:32:13,38.4167,141.3,75.2,85,86,9.31
470,Cumpas,MX,2021 - 07 - 14 05:32:13,29.9833,-109.7833,80.31,64,74,2.8
471,Caiaponia,BR,2021 - 07 - 14 05:32:14,-16.9567,-51.8103,60.22,47,2,4.07
472,Sibu,MY,2021 - 07 - 14 05:32:14,2.3,111.8167,77.31,94,40,8.01
473,La Ronge,CA,2021 - 07 - 14 05:32:14,55.1001,-105.2842,59.25,67,1,2.3
474,Mach,PK,2021 - 07 - 14 05:32:15,29.8637,67.3298,87.91,54,44,5.7
475,Kildinstroy,RU,2021 - 07 - 14 05:32:15,68.8049,33.1,61.11,94,40,4.47
476,Sabzevar,IR,2021 - 07 - 14 05:32:16,36.2126,57.6819,87.08,25,75,11.5
477,Zorritos,PE,2021 - 07 - 14 05:32:16,-3.6805,-80.6782,70.21,85,20,6.06
478,Fairbanks,US,2021 - 07 - 14 05:32:17,64.8378,-147.7164,77.0,45,40,11.5
479,Carlisle,US,2021 - 07 - 14 05:32:17,40.2015,-77.1889,80.64,85,40,3.8
480,Marawi,PH,2021 - 07 - 14 05:32:17,7.9986,124.2928,77.47,85,71,3.89
481,Bulaevo,KZ,2021 - 07 - 14 05:32:18,54.9056,70.4439,46.27,92,100,18.88
482,Arlit,NE,2021 - 07 - 14 05:32:18,18.7369,7.3853,90.57,33,44,5.1
483,Ust-Uda,RU,2021 - 07 - 14 05:32:18,54.1742,103.0304,63.43,87,100,1.99
484,Resistencia,AR,2021 - 07 - 14 05:29:36,-27.4606,-58.9839,70.09,79,0,9.22
485,Ouro Fino,BR,2021 - 07 - 14 05:32:19,-22.2831,-46.3692,51.24,72,0,4.68
486,Huarmey,PE,2021 - 07 - 14 05:32:19,-10.0681,-78.1522,64.04,86,55,9.4
487,Maturin,VE,2021 - 07 - 14 05:32:20,9.75,-63.1767,70.65,98,10,3.96
488,Dorado,PR,2021 - 07 - 14 05:32:20,18.4588,-66.2677,80.49,89,5,9.22
489,Pachino,IT,2021 - 07 - 14 05:32:20,36.7186,15.0907,82.6,57,1,6.08
490,Adrar,MR,2021 - 07 - 14 05:32:21,20.5022,-10.0711,87.19,29,18,12.84
491,Mosquera,CO,2021 - 07 - 14 05:32:21,4.7059,-74.2302,50.09,87,75,4.61
492,Ruteng,ID,2021 - 07 - 14 05:32:22,-8.6136,120.4721,73.6,49,53,2.89
493,Taunton,GB,2021 - 07 - 14 05:32:22,51.0211,-3.1047,61.86,88,42,5.01
494,Anchorage,US,2021 - 07 - 14 05:30:17,61.2181,-149.9003,64.85,63,90,5.75
495,Itapira,BR,2021 - 07 - 14 05:32:23,-22.4361,-46.8217,48.49,64,0,4.21
496,Port Hawkesbury,CA,2021 - 07 - 14 05:32:23,45.6169,-61.3485,58.59,71,1,3.44
497,Sao Joao Da Barra,BR,2021 - 07 - 14 05:32:23,-21.6403,-41.0511,68.9,90,0,10.33
498,Lisakovsk,KZ,2021 - 07 - 14 05:32:24,52.5369,62.4936,61.61,43,5,13.96
499,Malindi,KE,2021 - 07 - 14 05:32:24,-3.2175,40.1191,80.76,69,75,9.22
500,Tougan,BF,2021 - 07 - 14 05:32:24,13.0667,-3.0667,80.4,64,98,12.24
501,Teguldet,RU,2021 - 07 - 14 05:32:25,57.3064,88.1667,82.71,40,21,5.97
502,Makaha,US,2021 - 07 - 14 05:32:26,21.4694,-158.2175,80.51,83,90,5.75
503,Koutiala,ML,2021 - 07 - 14 05:32:26,12.3917,-5.4642,76.08,76,93,8.43
504,Assiniboia,CA,2021 - 07 - 14 05:32:27,49.6334,-105.9845,66.02,59,41,3.44
505,Kysyl-Syr,RU,2021 - 07 - 14 05:32:27,63.8986,122.7617,82.2,32,24,12.66
506,Yanam,IN,2021 - 07 - 14 05:32:27,16.7333,82.2167,82.8,84,100,5.84
507,Taganak,PH,2021 - 07 - 14 05:32:28,6.0833,118.3,91.54,71,53,5.68
508,Sioux Lookout,CA,2021 - 07 - 14 05:32:28,50.1001,-91.917,61.18,82,75,2.3
509,Barra Do Corda,BR,2021 - 07 - 14 05:32:29,-5.5,-45.25,75.16,45,66,3.56
510,Ust-Koksa,RU,2021 - 07 - 14 05:32:29,50.2696,85.6108,70.47,54,79,6.82
511,Abu Samrah,SY,2021 - 07 - 14 05:32:29,35.3029,37.1841,85.05,32,0,12.93
512,Koungou,YT,2021 - 07 - 14 05:32:30,-12.7336,45.2042,78.51,69,20,10.36
513,Pierre,US,2021 - 07 - 14 05:32:30,44.3683,-100.351,75.99,81,75,1.99
514,Katobu,ID,2021 - 07 - 14 05:32:31,-4.9408,122.5276,83.75,64,100,4.61
515,Taoudenni,ML,2021 - 07 - 14 05:32:31,22.6783,-3.9836,94.77,8,1,13.6
516,Angoche,MZ,2021 - 07 - 14 05:32:31,-16.2325,39.9086,73.94,78,9,1.16
517,Shirokovskiy,RU,2021 - 07 - 14 05:32:32,58.8424,57.7832,63.12,41,9,5.08
518,Harper,LR,2021 - 07 - 14 05:32:32,4.375,-7.7169,76.78,77,89,9.75
519,Enid,US,2021 - 07 - 14 05:31:20,36.3956,-97.8784,80.31,73,1,5.01
520,Reforma,MX,2021 - 07 - 14 05:32:33,18.1,-91.0167,73.36,97,99,3.58
521,Petropavlovka,RU,2021 - 07 - 14 05:32:33,50.6114,105.3196,70.59,59,96,7.83
522,Ilulissat,GL,2021 - 07 - 14 05:32:33,69.2167,-51.1,48.22,87,75,10.36
523,Kibondo,TZ,2021 - 07 - 14 05:32:34,-3.5864,30.7203,67.14,54,97,0.96
524,Mana,GF,2021 - 07 - 14 05:32:34,5.6592,-53.7767,75.51,93,86,7.0
525,Srandakan,ID,2021 - 07 - 14 05:32:35,-7.9386,110.2506,65.73,59,100,12.86
526,Kyaukse,MM,2021 - 07 - 14 05:32:35,21.6,96.1333,95.52,45,69,8.21
527,Atherton,GB,2021 - 07 - 14 05:32:36,53.5237,-2.4935,60.19,94,47,1.01
528,Yar-Sale,RU,2021 - 07 - 14 05:32:36,66.8333,70.8333,55.65,44,29,3.6
529,Vila Velha,BR,2021 - 07 - 14 05:32:36,-20.3297,-40.2925,66.15,100,40,2.3
530,Wilmington,US,2021 - 07 - 14 05:31:14,34.2257,-77.9447,80.85,87,1,0.0
531,Jeremie,HT,2021 - 07 - 14 05:32:37,18.65,-74.1167,79.63,78,7,1.88
532,Katherine,AU,2021 - 07 - 14 05:32:37,-14.4667,132.2667,89.92,29,96,4.61
533,Rancho Palos Verdes,US,2021 - 07 - 14 05:32:38,33.7445,-118.387,76.95,91,20,1.01
534,Taksimo,RU,2021 - 07 - 14 05:32:38,56.3444,114.8794,81.68,34,62,8.23
535,Matanzas,CU,2021 - 07 - 14 05:32:38,23.0411,-81.5775,74.16,100,40,4.61
536,Visnes,NO,2021 - 07 - 14 05:32:39,59.3556,5.2242,64.58,88,40,3.44
537,Jiwani,PK,2021 - 07 - 14 05:32:39,25.05,61.7417,88.77,71,99,5.48
538,Sabla,NG,2021 - 07 - 14 05:32:40,12.7525,4.7077,79.86,73,81,11.01
539,Shingu,JP,2021 - 07 - 14 05:32:40,33.7333,135.9833,83.91,85,67,1.03
540,Kihei,US,2021 - 07 - 14 05:32:41,20.785,-156.4656,78.82,70,40,16.11
541,Qurayyat,SA,2021 - 07 - 14 05:32:41,31.3318,37.3428,78.98,38,0,16.11
542,Tokur,RU,2021 - 07 - 14 05:32:42,53.1333,132.9,63.82,95,100,1.19
543,Radcliff,US,2021 - 07 - 14 05:32:42,37.8404,-85.9491,74.44,94,1,0.0
544,Russell,US,2021 - 07 - 14 05:30:08,32.3502,-85.1999,73.11,93,1,0.0
545,Cloquet,US,2021 - 07 - 14 05:30:41,46.7216,-92.4594,66.88,82,1,3.44
546,Marsa Matruh,EG,2021 - 07 - 14 05:32:44,31.3525,27.2453,77.2,83,0,9.22
547,Tekkali,IN,2021 - 07 - 14 05:32:44,18.6167,84.2333,86.23,70,84,9.19
548,Kalundborg,DK,2021 - 07 - 14 05:32:44,55.6795,11.0886,69.1,82,71,7.85
549,Ahipara,NZ,2021 - 07 - 14 05:32:45,-35.1667,173.1667,50.58,70,5,5.14
550,Flinders,AU,2021 - 07 - 14 05:32:45,-34.5833,150.8552,60.39,69,100,1.01
551,Puerto Quijarro,BO,2021 - 07 - 14 05:32:45,-17.7833,-57.7667,66.51,44,0,0.72
552,Nagornyy,RU,2021 - 07 - 14 05:32:46,52.7959,83.5498,79.95,53,86,22.93
553,Kamaishi,JP,2021 - 07 - 14 05:32:46,39.2667,141.8833,85.15,94,89,5.46
554,Talant,FR,2021 - 07 - 14 05:32:47,47.3369,5.0089,56.41,100,75,4.61
555,Rumphi,MW,2021 - 07 - 14 05:32:47,-11.0186,33.8575,67.8,66,68,5.03
556,Chiang Khong,TH,2021 - 07 - 14 05:32:47,20.2613,100.4046,89.92,61,71,2.39
557,Coihaique,CL,2021 - 07 - 14 05:32:48,-45.5752,-72.0662,38.21,99,100,3.47
558,Dombarovskiy,RU,2021 - 07 - 14 05:32:48,50.7587,59.5386,67.8,37,71,7.74
559,Koumac,NC,2021 - 07 - 14 05:32:49,-20.5667,164.2833,71.28,59,22,9.93
560,Issa,RU,2021 - 07 - 14 05:32:49,53.8705,44.8578,78.91,59,36,5.41
561,Saint-Francois,FR,2021 - 07 - 14 05:32:50,46.4154,3.9054,58.48,100,90,6.91
562,Amapa,BR,2021 - 07 - 14 05:32:50,1.0,-52.0,70.07,99,94,1.05
563,Karratha,AU,2021 - 07 - 14 05:32:51,-20.7377,116.8463,79.81,47,90,13.27
564,Qazvin,IR,2021 - 07 - 14 05:32:51,36.2797,50.0049,74.82,50,4,4.61
565,Gravdal,NO,2021 - 07 - 14 05:32:51,68.1214,13.5031,53.28,88,100,5.23
566,Matagami,CA,2021 - 07 - 14 05:32:52,49.7502,-77.6328,66.31,100,90,9.22
567,Bulancak,TR,2021 - 07 - 14 05:32:52,40.9372,38.2291,78.62,61,75,4.61
